<?xml version="1.0" encoding="UTF-8"?>

<!-- 
 * security.xml
 *
 * Copyright (C) 2017 Universidad de Sevilla
 * 
 * The use of this project is hereby constrained to the conditions of the 
 * TDG Licence, a copy of which you may download from 
 * http://www.tdg-seville.info/License.html
 -->

<beans xmlns="http://www.springframework.org/schema/beans"
	xmlns:xsi="http://www.w3.org/2001/XMLSchema-instance" xmlns:security="http://www.springframework.org/schema/security"	
	xsi:schemaLocation="
		http://www.springframework.org/schema/beans http://www.springframework.org/schema/beans/spring-beans-4.0.xsd		
        http://www.springframework.org/schema/security http://www.springframework.org/schema/security/spring-security-3.2.xsd
    ">

	<!-- Security infrastructure -->

	<bean id="loginService" class="security.LoginService" />

	<bean id="passwordEncoder"
		class="org.springframework.security.authentication.encoding.Md5PasswordEncoder" />

	<!-- Access control -->

	<security:http auto-config="true" use-expressions="true">
		<security:intercept-url pattern="/" access="permitAll" /> 

		<security:intercept-url pattern="/favicon.ico" access="permitAll" /> 
		<security:intercept-url pattern="/images/**" access="permitAll" /> 
		<security:intercept-url pattern="/scripts/**" access="permitAll" /> 
		<security:intercept-url pattern="/styles/**" access="permitAll" /> 

		<security:intercept-url pattern="/views/misc/index.jsp" access="permitAll" />
		
		<security:intercept-url pattern="/misc/termsAndConditions.do" access="permitAll" />
		<security:intercept-url pattern="/misc/identification.do" access="permitAll" />

		<security:intercept-url pattern="/security/login.do" access="permitAll" /> 
		<security:intercept-url pattern="/security/loginFailure.do" access="permitAll" /> 

		<security:intercept-url pattern="/welcome/index.do" access="permitAll" /> 
		
		<!-- Acme-Newspaper Security Rules Here -->

		<security:intercept-url pattern="/administrator/display-dashboard.do" access="hasRole('ADMINISTRATOR')" />
		
		<security:intercept-url pattern="/article/search.do" access="isAnonymous()" /> 
		<security:intercept-url pattern="/article/list.do" access="isAnonymous()" />
		<security:intercept-url pattern="/article/display.do" access="isAnonymous()" /> 
		<security:intercept-url pattern="/article/administrator/delete.do" access="hasRole('ADMINISTRATOR')" />
		<security:intercept-url pattern="/article/administrator/display.do" access="hasRole('ADMINISTRATOR')" />
		<security:intercept-url pattern="/article/administrator/list.do" access="hasRole('ADMINISTRATOR')" />
		<security:intercept-url pattern="/article/administrator/search.do" access="hasRole('ADMINISTRATOR')" /> 
		<security:intercept-url pattern="/article/customer/display.do" access="hasRole('CUSTOMER')" /> 
		<security:intercept-url pattern="/article/customer/list.do" access="hasRole('CUSTOMER')" /> 
		<security:intercept-url pattern="/article/customer/search.do" access="hasRole('CUSTOMER')" /> 
		<security:intercept-url pattern="/article/user/create.do" access="hasRole('USER')" /> 
		<security:intercept-url pattern="/article/user/display.do" access="hasRole('USER')" /> 
		<security:intercept-url pattern="/article/user/edit.do" access="hasRole('USER')" /> 
		<security:intercept-url pattern="/article/user/list.do" access="hasRole('USER')" />
		<security:intercept-url pattern="/article/user/search.do" access="hasRole('USER')" />

		<security:intercept-url pattern="/chirp/administrator/delete.do" access="hasRole('ADMINISTRATOR')" />
		<security:intercept-url pattern="/chirp/administrator/list.do" access="hasRole('ADMINISTRATOR')" />
		<security:intercept-url pattern="/chirp/user/create.do" access="hasRole('USER')" />
		<security:intercept-url pattern="/chirp/user/edit.do" access="hasRole('USER')" />
		<security:intercept-url pattern="/chirp/user/stream.do" access="hasRole('USER')" />
		
		<security:intercept-url pattern="/customer/register.do" access="isAnonymous()" /> 

		<security:intercept-url pattern="/newspaper/display.do" access="isAnonymous()" />
		<security:intercept-url pattern="/newspaper/listPublished.do" access="isAnonymous()" />
		<security:intercept-url pattern="/newspaper/listSearchResults.do" access="isAnonymous()" />
		<security:intercept-url pattern="/newspaper/search.do" access="isAnonymous()" /> 
		<security:intercept-url pattern="/newspaper/administrator/delete.do" access="hasRole('ADMINISTRATOR')" />
		<security:intercept-url pattern="/newspaper/administrator/display.do" access="hasRole('ADMINISTRATOR')" />
		<security:intercept-url pattern="/newspaper/administrator/list.do" access="hasRole('ADMINISTRATOR')" />  
		<security:intercept-url pattern="/newspaper/administrator/listSearchResults.do" access="hasRole('ADMINISTRATOR')" />
		<security:intercept-url pattern="/newspaper/administrator/listTabooed.do" access="hasRole('ADMINISTRATOR')" />
		<security:intercept-url pattern="/newspaper/administrator/search.do" access="hasRole('ADMINISTRATOR')" />
		<security:intercept-url pattern="/newspaper/customer/display.do" access="hasRole('CUSTOMER')" />
		<security:intercept-url pattern="/newspaper/customer/list.do" access="hasRole('CUSTOMER')" />
		<security:intercept-url pattern="/newspaper/customer/listSearchResults.do" access="hasRole('CUSTOMER')" />
		<security:intercept-url pattern="/newspaper/customer/search.do" access="hasRole('CUSTOMER')" />
		<security:intercept-url pattern="/newspaper/user/display.do" access="hasRole('USER')" />
		<security:intercept-url pattern="/newspaper/user/create.do" access="hasRole('USER')" />
		<security:intercept-url pattern="/newspaper/user/edit.do" access="hasRole('USER')" />   
		<security:intercept-url pattern="/newspaper/user/listPublished.do" access="hasRole('USER')" />
		<security:intercept-url pattern="/newspaper/user/listMine.do" access="hasRole('USER')" />   
		<security:intercept-url pattern="/newspaper/user/listSearchResults.do" access="hasRole('USER')" />
		<security:intercept-url pattern="/newspaper/user/listUnpublished.do" access="hasRole('USER')" />
		<security:intercept-url pattern="/newspaper/user/privatize.do" access="hasRole('USER')" />
		<security:intercept-url pattern="/newspaper/user/publish.do" access="hasRole('USER')" />
		<security:intercept-url pattern="/newspaper/user/search.do" access="hasRole('USER')" />  
		<security:intercept-url pattern="/newspaper/user/unprivatize.do" access="hasRole('USER')" />
		
		<security:intercept-url pattern="/subscription/customer/create.do" access="hasRole('CUSTOMER')" />
		<security:intercept-url pattern="/subscription/customer/edit.do" access="hasRole('CUSTOMER')" />
		
		<security:intercept-url pattern="/systemConfiguration/administrator/listTabooWords.do" access="hasRole('ADMINISTRATOR')" />
		<security:intercept-url pattern="/systemConfiguration/administrator/addTabooWord.do" access="hasRole('ADMINISTRATOR')" />
		<security:intercept-url pattern="/systemConfiguration/administrator/edit.do" access="hasRole('ADMINISTRATOR')" />   
		<security:intercept-url pattern="/systemConfiguration/administrator/deleteTabooWord.do" access="hasRole('ADMINISTRATOR')" />       
		
		<security:intercept-url pattern="/user/administrator/display.do" access="hasRole('ADMINISTRATOR')" /> 
		<security:intercept-url pattern="/user/administrator/list.do" access="hasRole('ADMINISTRATOR')" /> 
		<security:intercept-url pattern="/user/administrator/register.do" access="hasRole('ADMINISTRATOR')" /> 
		<security:intercept-url pattern="/user/customer/display.do" access="hasRole('CUSTOMER')" /> 
		<security:intercept-url pattern="/user/customer/list.do" access="hasRole('CUSTOMER')" /> 
		<security:intercept-url pattern="/user/display.do" access="isAnonymous()" /> 
		<security:intercept-url pattern="/user/list.do" access="isAnonymous()" /> 
		<security:intercept-url pattern="/user/register.do" access="isAnonymous()" /> 
		<security:intercept-url pattern="/user/user/display.do" access="hasRole('USER')" /> 
		<security:intercept-url pattern="/user/user/follow.do" access="hasRole('USER')" /> 
		<security:intercept-url pattern="/user/user/followers.do" access="hasRole('USER')" /> 
		<security:intercept-url pattern="/user/user/following.do" access="hasRole('USER')" /> 
		<security:intercept-url pattern="/user/user/list.do" access="hasRole('USER')" /> 
		<security:intercept-url pattern="/user/user/register.do" access="hasRole('USER')" /> 
		<security:intercept-url pattern="/user/user/unfollow.do" access="hasRole('USER')" /> 

		<security:intercept-url pattern="/**" access="hasRole('NONE')" />

		<security:form-login 
			login-page="/security/login.do"
			password-parameter="password" 
			username-parameter="username"
			authentication-failure-url="/security/loginFailure.do" />

		<security:logout 
			logout-success-url="/" 
			invalidate-session="true" />
	</security:http>

</beans>